{"cameraMode":{"drawMode":0,"name":"Shaded","section":"Shading Mode"},"sceneLighting":true,"audioPlay":false,"sceneViewState":{"showFog":true,"showMaterialUpdate":false,"showSkybox":true,"showFlares":true,"showImageEffects":true,"showParticleSystems":true},"in2DMode":false,"pivot":{"x":0.13999998569488526,"y":2.0,"z":8.529999732971192},"rotation":{"x":0.03901415690779686,"y":-0.6817839741706848,"z":0.036423150449991229,"w":0.7296447157859802},"size":18.424148559570314,"orthographic":true}