{"cameraMode":{"drawMode":0,"name":"Shaded","section":"Shading Mode"},"sceneLighting":true,"audioPlay":false,"sceneViewState":{"showFog":true,"showMaterialUpdate":false,"showSkybox":false,"showFlares":true,"showImageEffects":true,"showParticleSystems":true},"in2DMode":false,"pivot":{"x":0.9799995422363281,"y":0.2200028896331787,"z":0.980499267578125},"rotation":{"x":0.41874366998672488,"y":0.5238469243049622,"z":-0.3302554488182068,"w":0.6642152667045593},"size":44.5476188659668,"orthographic":true}